<?xml version="1.0" encoding="UTF-8"?>
<!--
 Copyright (C) 2014 ZXing authors

 Licensed under the Apache License, Version 2.0 (the "License");
 you may not use this file except in compliance with the License.
 You may obtain a copy of the License at

      http://www.apache.org/licenses/LICENSE-2.0

 Unless required by applicable law or agreed to in writing, software
 distributed under the License is distributed on an "AS IS" BASIS,
 WITHOUT WARRANTIES OR CONDITIONS OF ANY KIND, either express or implied.
 See the License for the specific language governing permissions and
 limitations under the License.
 -->
<resources>
  <string name="zxing_app_name" translatable="false">Barcode Scanner</string>
  <string name="zxing_button_ok" translatable="false">OK</string>
  <string name="zxing_msg_camera_framework_bug" translatable="false">Sorry, the Android camera encountered a problem. You may need to restart the device.</string>
  <string name="zxing_msg_default_status" translatable="false">Place a barcode inside the viewfinder rectangle to scan it.</string>
</resources>
